edition,source_player,reference_player,match,reference_url
1995,George Weah,George Weah,yes,https://www.uefa.com/news-media/news/0287-195e642735da-0594342b9554-1000--history-of-the-ballon-d-or/
1996,Matthias Sammer,Matthias Sammer,yes,https://www.uefa.com/news-media/news/0287-195e642735da-0594342b9554-1000--history-of-the-ballon-d-or/
1997,Ronaldo,Ronaldo,yes,https://www.uefa.com/news-media/news/0287-195e642735da-0594342b9554-1000--history-of-the-ballon-d-or/
1998,Zinedine Zidane,Zinédine Zidane,yes_accent_variant,https://www.uefa.com/news-media/news/0287-195e642735da-0594342b9554-1000--history-of-the-ballon-d-or/
1999,Rivaldo,Rivaldo,yes,https://www.uefa.com/news-media/news/0287-195e642735da-0594342b9554-1000--history-of-the-ballon-d-or/
2000,Luís Figo,Luís Figo,yes,https://www.uefa.com/news-media/news/0287-195e642735da-0594342b9554-1000--history-of-the-ballon-d-or/
2001,Michael Owen,Michael Owen,yes,https://www.uefa.com/news-media/news/0287-195e642735da-0594342b9554-1000--history-of-the-ballon-d-or/
2002,Ronaldo,Ronaldo,yes,https://www.uefa.com/news-media/news/0287-195e642735da-0594342b9554-1000--history-of-the-ballon-d-or/
2003,Pavel Nedvěd,Pavel Nedvěd,yes,https://www.uefa.com/news-media/news/0287-195e642735da-0594342b9554-1000--history-of-the-ballon-d-or/
2004,Andriy Shevchenko,Andriy Shevchenko,yes,https://www.uefa.com/news-media/news/0287-195e642735da-0594342b9554-1000--history-of-the-ballon-d-or/
2005,Ronaldinho,Ronaldinho,yes,https://www.uefa.com/news-media/news/0287-195e642735da-0594342b9554-1000--history-of-the-ballon-d-or/
2006,Fabio Cannavaro,Fabio Cannavaro,yes,https://www.uefa.com/news-media/news/0287-195e642735da-0594342b9554-1000--history-of-the-ballon-d-or/
2007,Kaká,Kaká,yes,https://www.uefa.com/news-media/news/0287-195e642735da-0594342b9554-1000--history-of-the-ballon-d-or/
2008,Cristiano Ronaldo,Cristiano Ronaldo,yes,https://www.uefa.com/news-media/news/0287-195e642735da-0594342b9554-1000--history-of-the-ballon-d-or/
2009,Lionel Messi,Lionel Messi,yes,https://www.uefa.com/news-media/news/0287-195e642735da-0594342b9554-1000--history-of-the-ballon-d-or/
2010,Lionel Messi,Lionel Messi,yes,https://www.uefa.com/news-media/news/0287-195e642735da-0594342b9554-1000--history-of-the-ballon-d-or/
2011,Lionel Messi,Lionel Messi,yes,https://www.uefa.com/news-media/news/0287-195e642735da-0594342b9554-1000--history-of-the-ballon-d-or/
2012,Lionel Messi,Lionel Messi,yes,https://www.uefa.com/news-media/news/0287-195e642735da-0594342b9554-1000--history-of-the-ballon-d-or/
2013,Cristiano Ronaldo,Cristiano Ronaldo,yes,https://www.uefa.com/news-media/news/0287-195e642735da-0594342b9554-1000--history-of-the-ballon-d-or/
2014,Cristiano Ronaldo,Cristiano Ronaldo,yes,https://www.uefa.com/news-media/news/0287-195e642735da-0594342b9554-1000--history-of-the-ballon-d-or/
2015,Lionel Messi,Lionel Messi,yes,https://www.uefa.com/news-media/news/0287-195e642735da-0594342b9554-1000--history-of-the-ballon-d-or/
2016,Cristiano Ronaldo,Cristiano Ronaldo,yes,https://www.uefa.com/news-media/news/0287-195e642735da-0594342b9554-1000--history-of-the-ballon-d-or/
2017,Cristiano Ronaldo,Cristiano Ronaldo,yes,https://www.uefa.com/news-media/news/0287-195e642735da-0594342b9554-1000--history-of-the-ballon-d-or/
2018,Luka Modrić,Luka Modrić,yes,https://www.uefa.com/news-media/news/0287-195e642735da-0594342b9554-1000--history-of-the-ballon-d-or/
2019,Lionel Messi,Lionel Messi,yes,https://www.uefa.com/news-media/news/0287-195e642735da-0594342b9554-1000--history-of-the-ballon-d-or/
2021,Lionel Messi,Lionel Messi,yes,https://www.uefa.com/news-media/news/0287-195e642735da-0594342b9554-1000--history-of-the-ballon-d-or/
2022,Karim Benzema,Karim Benzema,yes,https://www.uefa.com/news-media/news/0287-195e642735da-0594342b9554-1000--history-of-the-ballon-d-or/
2023,Lionel Messi,Lionel Messi,yes,https://www.uefa.com/news-media/news/0287-195e642735da-0594342b9554-1000--history-of-the-ballon-d-or/
2024,Rodri,Rodri,yes,https://www.uefa.com/news-media/news/0287-195e642735da-0594342b9554-1000--history-of-the-ballon-d-or/
2025,Ousmane Dembélé,Ousmane Dembélé,yes,https://www.uefa.com/news-media/news/0287-195e642735da-0594342b9554-1000--history-of-the-ballon-d-or/
